keyword,caption
catsleep,I sleep in your dreams.
catsleep,Sweet dream!
catsleep,feel so good.
catsleep,"Don't touch our belly, human!"
catsleep,So sleepy~
catrun,"Run away, the cat walks"
catrun,There's a bird over there.
catrun,Just take a walk
catrun,Don't go on? There's a finish line ahead.
catrun,Will walk like cat Must be cute first
catsit,When will you come back?
catsit,Hey! that bird
catsit,Just sit and be handsome.
catsit,sit down meow~
catsit,Want to be cute like me? ...In your dream
catjamp,going to touch the horizon
catjamp,I believe I can fly.
catjamp,how to exercise
catjamp,Haha~ Can't jump like this?
catjamp,Do this you will look good.
